time,ss_pv_power,ss_pv1_power,ss_pv2_power,ss_load_power,ss_grid_ct_power,ss_battery_power,ss_pv1_voltage,ss_pv2_voltage,ss_day_pv_energy,ss_day_load_energy,ss_day_grid_import,ss_day_grid_export,ss_day_battery_charge,ss_day_battery_discharge,ss_battery_soc,battery_temp
2025-11-25T12:36:00.136321+02:00,unknown,unknown,unknown,unknown,unknown,unknown,unknown,unknown,unknown,unknown,unknown,unknown,unknown,unknown,unknown,unknown
2025-11-25T12:37:00.132332+02:00,1595,775,820,861,35,-740,unknown,unknown,unknown,unknown,unknown,unknown,unknown,unknown,unknown,unknown
2025-11-25T12:38:00.133735+02:00,1542,754,788,874,9,-610,unknown,unknown,unknown,unknown,unknown,unknown,unknown,unknown,unknown,unknown
2025-11-25T12:39:00.134216+02:00,1447,704,743,567,-194,-766,unknown,unknown,unknown,unknown,unknown,unknown,unknown,unknown,unknown,unknown
2025-11-25T12:40:00.132961+02:00,1348,655,693,794,21,-514,unknown,unknown,unknown,unknown,unknown,unknown,unknown,unknown,unknown,unknown
2025-11-25T12:41:00.133208+02:00,1263,616,647,800,45,-476,396.24,400.68,4.9,12.5,8.5,0,2.3,2.3,28,11.57
2025-11-25T12:42:00.134093+02:00,1195,582,613,780,23,-416,396.24,400.68,4.9,12.5,8.5,0,2.3,2.3,28,11.57
2025-11-25T12:43:00.133236+02:00,1203,587,616,788,20,-400,396.24,400.68,4.9,12.5,8.5,0,2.3,2.3,28,11.57
2025-11-25T12:44:00.132914+02:00,995,502,493,821,-17,-135,396.24,400.68,4.9,12.5,8.5,0,2.3,2.3,28,11.57
2025-11-25T12:45:00.134030+02:00,967,470,497,914,37,-95,396.24,400.68,4.9,12.5,8.5,0,2.3,2.3,28,11.57
2025-11-25T12:46:00.133172+02:00,918,443,475,927,22,5,392.055,391.155,4.9,12.5,8.5,0,2.3,2.3,28,11.645
2025-11-25T12:47:00.133825+02:00,874,426,448,795,31,-111,392.055,391.155,4.9,12.5,8.5,0,2.3,2.3,28,11.645
2025-11-25T12:48:00.133031+02:00,885,428,457,716,38,-177,392.055,391.155,4.9,12.5,8.5,0,2.3,2.3,28,11.645
2025-11-25T12:49:00.132621+02:00,941,461,480,695,17,-197,392.055,391.155,4.9,12.5,8.5,0,2.3,2.3,28,11.645
2025-11-25T12:50:00.133702+02:00,1024,496,528,814,33,-240,392.055,391.155,4.9,12.5,8.5,0,2.3,2.3,28,11.645
2025-11-25T12:51:00.133629+02:00,1142,559,583,865,29,-259,394.332,401.963,5.1,12.6,8.5,0,2.4,2.3,28,11.705
2025-11-25T12:52:00.132234+02:00,1294,632,662,647,-8,-595,394.332,401.963,5.1,12.6,8.5,0,2.4,2.3,28,11.705
2025-11-25T12:53:00.132640+02:00,1570,766,804,739,16,-868,394.332,401.963,5.1,12.6,8.5,0,2.4,2.3,28,11.705
2025-11-25T12:54:00.134170+02:00,1644,806,838,669,14,-928,394.332,401.963,5.1,12.6,8.5,0,2.4,2.3,28,11.705
2025-11-25T12:55:00.132339+02:00,1760,860,900,790,13,-938,394.332,401.963,5.1,12.6,8.5,0,2.4,2.3,28,11.705
2025-11-25T12:56:00.132939+02:00,1937,948,989,800,9,-1108,396.74,404.44,5.1,12.6,8.5,0,2.4,2.3,28.65,11.8
2025-11-25T12:57:00.133801+02:00,2110,1037,1073,873,49,-1216,396.74,404.44,5.1,12.6,8.5,0,2.4,2.3,28.65,11.8
2025-11-25T12:58:00.134138+02:00,2199,1082,1117,930,26,-1217,396.74,404.44,5.1,12.6,8.5,0,2.4,2.3,28.65,11.8
2025-11-25T12:59:00.134162+02:00,2207,1086,1121,827,-16,-1315,396.74,404.44,5.1,12.6,8.5,0,2.4,2.3,28.65,11.8
2025-11-25T13:00:00.134517+02:00,2199,1085,1114,853,-23,-1192,396.74,404.44,5.1,12.6,8.5,0,2.4,2.3,28.65,11.8
2025-11-25T13:01:00.133223+02:00,2220,1091,1129,885,1,-1277,399.075,403.98,5.3,12.8,8.5,0,2.5,2.3,29,11.855
2025-11-25T13:02:00.134902+02:00,2287,1125,1162,789,26,-1465,399.075,403.98,5.3,12.8,8.5,0,2.5,2.3,29,11.855
2025-11-25T13:03:00.133403+02:00,2336,1147,1189,817,11,-1497,399.075,403.98,5.3,12.8,8.5,0,2.5,2.3,29,11.855
2025-11-25T13:04:00.134276+02:00,2437,1196,1241,796,25,-1605,399.075,403.98,5.3,12.8,8.5,0,2.5,2.3,29,11.855
2025-11-25T13:05:00.132153+02:00,2456,1201,1255,798,17,-1630,399.075,403.98,5.3,12.8,8.5,0,2.5,2.3,29,11.855
2025-11-25T13:06:00.132066+02:00,2462,1206,1256,925,24,-1480,402.71,402.325,5.3,12.8,8.5,0,2.5,2.3,29.7,11.96
2025-11-25T13:07:00.135024+02:00,2421,1180,1241,781,31,-1616,402.71,402.325,5.3,12.8,8.5,0,2.5,2.3,29.7,11.96
2025-11-25T13:08:00.133422+02:00,2346,1145,1201,847,14,-1419,402.71,402.325,5.3,12.8,8.5,0,2.5,2.3,29.7,11.96
2025-11-25T13:09:00.132668+02:00,2322,1139,1183,885,12,-1373,402.71,402.325,5.3,12.8,8.5,0,2.5,2.3,29.7,11.96
2025-11-25T13:10:00.132268+02:00,2306,1131,1175,848,2,-1374,402.71,402.325,5.3,12.8,8.5,0,2.5,2.3,29.7,11.96
2025-11-25T13:11:00.132707+02:00,4245,2079,2166,1057,-1080,-2010,405.05,404.135,5.7,12.9,8.5,0,2.7,2.3,30.25,12.08
2025-11-25T13:12:00.132385+02:00,1749,852,897,908,-15,-870,405.05,404.135,5.7,12.9,8.5,0,2.7,2.3,30.25,12.08
2025-11-25T13:13:00.132181+02:00,1581,768,813,873,9,-678,405.05,404.135,5.7,12.9,8.5,0,2.7,2.3,30.25,12.08
2025-11-25T13:14:00.133407+02:00,1514,735,779,906,28,-609,405.05,404.135,5.7,12.9,8.5,0,2.7,2.3,30.25,12.08
2025-11-25T13:15:00.133080+02:00,1464,712,752,955,18,-489,405.05,404.135,5.7,12.9,8.5,0,2.7,2.3,30.25,12.08
2025-11-25T13:16:00.133736+02:00,1442,694,748,884,1,-483,398.93,402.025,5.7,12.9,8.5,0,2.7,2.3,31,12.22
2025-11-25T13:17:00.133001+02:00,1409,682,727,876,16,-615,398.93,402.025,5.7,12.9,8.5,0,2.7,2.3,31,12.22
2025-11-25T13:18:00.132348+02:00,1396,674,722,872,23,-514,398.93,402.025,5.7,12.9,8.5,0,2.7,2.3,31,12.22
2025-11-25T13:19:00.133929+02:00,1331,667,664,802,33,-528,398.93,402.025,5.7,12.9,8.5,0,2.7,2.3,31,12.22
2025-11-25T13:20:00.133855+02:00,1350,652,698,720,6,-609,398.93,402.025,5.7,12.9,8.5,0,2.7,2.3,31,12.22
2025-11-25T13:21:00.133612+02:00,1339,647,692,756,27,-578,398.515,396.005,6,13.1,8.5,0,2.9,2.3,31,12.31
2025-11-25T13:22:00.134208+02:00,1387,672,715,826,24,-542,398.515,396.005,6,13.1,8.5,0,2.9,2.3,31,12.31
2025-11-25T13:23:00.132641+02:00,1472,719,753,784,24,-675,398.515,396.005,6,13.1,8.5,0,2.9,2.3,31,12.31
2025-11-25T13:24:00.134912+02:00,1547,750,797,803,32,-748,398.515,396.005,6,13.1,8.5,0,2.9,2.3,31,12.31
2025-11-25T13:25:00.132921+02:00,1580,767,813,755,-28,-733,398.515,396.005,6,13.1,8.5,0,2.9,2.3,31,12.31
2025-11-25T13:26:00.132729+02:00,1582,771,811,789,16,-774,399.535,403.65,6,13.1,8.5,0,2.9,2.3,31.2,12.4
2025-11-25T13:27:00.132470+02:00,1552,754,798,1098,36,-477,399.535,403.65,6,13.1,8.5,0,2.9,2.3,31.2,12.4
2025-11-25T13:28:00.132262+02:00,1548,754,794,1073,25,-464,399.535,403.65,6,13.1,8.5,0,2.9,2.3,31.2,12.4
2025-11-25T13:29:00.132866+02:00,1572,764,808,1195,14,-330,399.535,403.65,6,13.1,8.5,0,2.9,2.3,31.2,12.4
2025-11-25T13:30:00.132159+02:00,1652,804,848,1177,27,-434,399.535,403.65,6,13.1,8.5,0,2.9,2.3,31.2,12.4
2025-11-25T13:31:00.132935+02:00,1674,820,854,1167,30,-515,397.005,403.515,6.3,13.2,8.5,0,3,2.3,32,12.48
2025-11-25T13:32:00.133328+02:00,1709,834,875,1175,56,-544,397.005,403.515,6.3,13.2,8.5,0,3,2.3,32,12.48
2025-11-25T13:33:00.132135+02:00,1768,863,905,1097,32,-669,397.005,403.515,6.3,13.2,8.5,0,3,2.3,32,12.48
2025-11-25T13:34:00.132674+02:00,1840,899,941,1111,25,-717,397.005,403.515,6.3,13.2,8.5,0,3,2.3,32,12.48
2025-11-25T13:35:00.134901+02:00,1956,954,1002,1074,4,-821,397.005,403.515,6.3,13.2,8.5,0,3,2.3,32,12.48
2025-11-25T13:36:00.132724+02:00,2007,979,1028,1038,22,-918,396.68,403.065,6.3,13.2,8.5,0,3,2.3,32,12.535
2025-11-25T13:37:00.133048+02:00,2059,1008,1051,1055,36,-929,396.68,403.065,6.3,13.2,8.5,0,3,2.3,32,12.535
2025-11-25T13:38:00.133963+02:00,2028,991,1037,1047,41,-961,396.68,403.065,6.3,13.2,8.5,0,3,2.3,32,12.535
2025-11-25T13:39:00.133426+02:00,2003,976,1027,1058,-58,-877,396.68,403.065,6.3,13.2,8.5,0,3,2.3,32,12.535
2025-11-25T13:40:00.132655+02:00,2205,1087,1118,1111,34,-1043,396.68,403.065,6.3,13.2,8.5,0,3,2.3,32,12.535
2025-11-25T13:41:00.134042+02:00,2170,1059,1111,1502,103,-710,398.875,403.28,6.6,13.4,8.5,0,3.1,2.3,32,12.605
2025-11-25T13:42:00.132717+02:00,2002,980,1022,2832,57,736,398.875,403.28,6.6,13.4,8.5,0,3.1,2.3,32,12.605
2025-11-25T13:43:00.132890+02:00,1970,956,1014,2758,33,735,398.875,403.28,6.6,13.4,8.5,0,3.1,2.3,32,12.605
2025-11-25T13:44:00.132395+02:00,1905,921,984,2886,-127,1143,398.875,403.28,6.6,13.4,8.5,0,3.1,2.3,32,12.605
2025-11-25T13:45:00.132711+02:00,1842,897,945,2885,50,1021,398.875,403.28,6.6,13.4,8.5,0,3.1,2.3,32,12.605
2025-11-25T13:46:00.132936+02:00,1587,772,815,2847,-69,1390,401.375,401.46,6.6,13.4,8.5,0,3.1,2.3,32,12.7
2025-11-25T13:47:00.133341+02:00,1368,663,705,2854,-30,1606,401.375,401.46,6.6,13.4,8.5,0,3.1,2.3,32,12.7
2025-11-25T13:48:00.133675+02:00,1251,605,646,2860,-10,1722,401.375,401.46,6.6,13.4,8.5,0,3.1,2.3,32,12.7
2025-11-25T13:49:00.133278+02:00,1190,576,614,2402,250,1016,401.375,401.46,6.6,13.4,8.5,0,3.1,2.3,32,12.7
2025-11-25T13:50:00.132835+02:00,1175,570,605,2686,317,1253,401.375,401.46,6.6,13.4,8.5,0,3.1,2.3,32,12.7
2025-11-25T13:51:00.134562+02:00,1155,563,592,2540,-32,1498,394.2,400.225,6.9,13.8,8.5,0,3.2,2.5,31.8,12.775
2025-11-25T13:52:00.133723+02:00,1141,552,589,772,10,-320,394.2,400.225,6.9,13.8,8.5,0,3.2,2.5,31.8,12.775
2025-11-25T13:53:00.132248+02:00,1128,548,580,799,59,-371,394.2,400.225,6.9,13.8,8.5,0,3.2,2.5,31.8,12.775
2025-11-25T13:54:00.134547+02:00,1139,551,588,786,23,-345,394.2,400.225,6.9,13.8,8.5,0,3.2,2.5,31.8,12.775
2025-11-25T13:55:00.132797+02:00,1196,584,612,1110,8,-77,394.2,400.225,6.9,13.8,8.5,0,3.2,2.5,31.8,12.775
2025-11-25T13:56:00.132960+02:00,1272,623,649,1277,8,-7,393.82,402.32,6.9,13.8,8.5,0,3.2,2.5,31,12.8
2025-11-25T13:57:00.133220+02:00,1357,669,688,2758,6,1436,393.82,402.32,6.9,13.8,8.5,0,3.2,2.5,31,12.8
2025-11-25T13:58:00.132702+02:00,1444,711,733,2711,-16,1391,393.82,402.32,6.9,13.8,8.5,0,3.2,2.5,31,12.8
2025-11-25T13:59:00.132609+02:00,1533,751,782,2882,360,1056,393.82,402.32,6.9,13.8,8.5,0,3.2,2.5,31,12.8
2025-11-25T14:00:00.132547+02:00,1585,779,806,1326,-33,-196,393.82,402.32,6.9,13.8,8.5,0,3.2,2.5,31,12.8
2025-11-25T14:01:00.133339+02:00,1600,782,818,1106,26,-484,395.125,406,7.1,14.1,8.5,0,3.2,2.6,31,12.83
2025-11-25T14:02:00.132286+02:00,1646,802,844,837,17,-761,395.125,406,7.1,14.1,8.5,0,3.2,2.6,31,12.83
2025-11-25T14:03:00.133241+02:00,1721,841,880,806,41,-914,395.125,406,7.1,14.1,8.5,0,3.2,2.6,31,12.83
2025-11-25T14:04:00.132303+02:00,1914,939,975,819,84,-1107,395.125,406,7.1,14.1,8.5,0,3.2,2.6,31,12.83
2025-11-25T14:05:00.133568+02:00,2264,1108,1156,970,18,-1238,395.125,406,7.1,14.1,8.5,0,3.2,2.6,31,12.83
2025-11-25T14:06:00.133605+02:00,3305,1619,1686,987,-217,-1999,400.89,404.275,7.1,14.1,8.5,0,3.2,2.6,31.1,12.9
2025-11-25T14:07:00.134157+02:00,6332,3100,3232,1192,-3037,-1983,400.89,404.275,7.1,14.1,8.5,0,3.2,2.6,31.1,12.9
2025-11-25T14:08:00.134596+02:00,6848,3356,3492,1363,-3452,-2001,400.89,404.275,7.1,14.1,8.5,0,3.2,2.6,31.1,12.9
2025-11-25T14:09:00.133260+02:00,6900,3395,3505,1436,-3306,-2001,400.89,404.275,7.1,14.1,8.5,0,3.2,2.6,31.1,12.9
2025-11-25T14:10:00.132515+02:00,6670,3265,3405,1742,-2776,-2003,400.89,404.275,7.1,14.1,8.5,0,3.2,2.6,31.1,12.9
2025-11-25T14:11:00.133181+02:00,6606,3226,3380,1966,-2479,-2004,408.715,398.625,7.6,14.3,8.5,0.1,3.4,2.6,32,12.945
2025-11-25T14:12:00.135023+02:00,6545,3195,3350,1322,-3085,-2007,408.715,398.625,7.6,14.3,8.5,0.1,3.4,2.6,32,12.945
2025-11-25T14:13:00.132806+02:00,6467,3153,3314,1457,-2878,-2008,408.715,398.625,7.6,14.3,8.5,0.1,3.4,2.6,32,12.945
2025-11-25T14:14:00.133506+02:00,6354,3099,3255,1646,-2600,-2005,408.715,398.625,7.6,14.3,8.5,0.1,3.4,2.6,32,12.945
2025-11-25T14:15:00.133067+02:00,6320,3082,3238,2212,-2056,-2013,408.715,398.625,7.6,14.3,8.5,0.1,3.4,2.6,32,12.945
2025-11-25T14:16:00.133338+02:00,6289,3080,3209,1455,-2696,-2005,404.945,392.24,7.6,14.3,8.5,0.1,3.4,2.6,32.8,13.06
2025-11-25T14:17:00.134571+02:00,6185,3010,3175,1347,-2722,-2009,404.945,392.24,7.6,14.3,8.5,0.1,3.4,2.6,32.8,13.06
2025-11-25T14:18:00.133566+02:00,6145,2989,3156,1332,-2679,-2006,404.945,392.24,7.6,14.3,8.5,0.1,3.4,2.6,32.8,13.06
2025-11-25T14:19:00.134877+02:00,6183,3022,3161,1614,-2406,-1999,404.945,392.24,7.6,14.3,8.5,0.1,3.4,2.6,32.8,13.06
2025-11-25T14:20:00.134521+02:00,6130,2984,3146,1272,-2739,-1999,404.945,392.24,7.6,14.3,8.5,0.1,3.4,2.6,32.8,13.06
2025-11-25T14:21:00.134064+02:00,6079,2957,3122,1096,-2873,-2006,400.935,391.44,8.6,14.5,8.5,0.6,3.7,2.6,33.5,13.205
2025-11-25T14:22:00.133306+02:00,6050,2930,3120,2243,-1672,-2013,400.935,391.44,8.6,14.5,8.5,0.6,3.7,2.6,33.5,13.205
2025-11-25T14:23:00.132517+02:00,5696,2776,2920,1245,-2312,-2007,400.935,391.44,8.6,14.5,8.5,0.6,3.7,2.6,33.5,13.205
2025-11-25T14:24:00.132931+02:00,6110,2976,3134,1157,-2806,-1998,400.935,391.44,8.6,14.5,8.5,0.6,3.7,2.6,33.5,13.205
2025-11-25T14:25:00.134822+02:00,5905,2865,3040,1126,-2647,-2004,400.935,391.44,8.6,14.5,8.5,0.6,3.7,2.6,33.5,13.205
2025-11-25T14:26:00.134271+02:00,6098,2956,3142,1205,-2761,-1994,397.435,386.845,8.6,14.5,8.5,0.6,3.7,2.6,34.3,13.355
2025-11-25T14:27:00.133514+02:00,6129,2974,3155,1196,-2807,-2004,397.435,386.845,8.6,14.5,8.5,0.6,3.7,2.6,34.3,13.355
2025-11-25T14:28:00.133727+02:00,5734,2785,2949,963,-2666,-2005,397.435,386.845,8.6,14.5,8.5,0.6,3.7,2.6,34.3,13.355
2025-11-25T14:29:00.132705+02:00,5742,2809,2933,920,-2713,-2012,397.435,386.845,8.6,14.5,8.5,0.6,3.7,2.6,34.3,13.355
2025-11-25T14:30:00.133310+02:00,6179,3027,3152,1036,-3032,-2002,397.435,386.845,8.6,14.5,8.5,0.6,3.7,2.6,34.3,13.355
2025-11-25T14:31:00.133340+02:00,6190,3017,3173,1041,-3058,-2018,395.455,385.86,9.6,14.8,8.5,1,4,2.6,35,13.485
2025-11-25T14:32:00.134884+02:00,6340,3084,3256,1157,-3047,-1999,395.455,385.86,9.6,14.8,8.5,1,4,2.6,35,13.485
2025-11-25T14:33:00.132595+02:00,5773,2822,2951,1115,-2539,-2011,395.455,385.86,9.6,14.8,8.5,1,4,2.6,35,13.485
2025-11-25T14:34:00.134683+02:00,4144,2023,2121,959,-1074,-2010,395.455,385.86,9.6,14.8,8.5,1,4,2.6,35,13.485
2025-11-25T14:35:00.133957+02:00,4200,2044,2156,926,-1185,-2000,395.455,385.86,9.6,14.8,8.5,1,4,2.6,35,13.485
2025-11-25T14:36:00.134355+02:00,4337,2113,2224,950,-1298,-1992,394.19,388.115,9.6,14.8,8.5,1,4,2.6,35.95,13.595
2025-11-25T14:37:00.135132+02:00,4586,2236,2350,1019,-1465,-2003,394.19,388.115,9.6,14.8,8.5,1,4,2.6,35.95,13.595
2025-11-25T14:38:00.132991+02:00,4633,2249,2384,972,-1552,-2006,394.19,388.115,9.6,14.8,8.5,1,4,2.6,35.95,13.595
2025-11-25T14:39:00.132869+02:00,4570,2215,2355,959,-1516,-2003,394.19,388.115,9.6,14.8,8.5,1,4,2.6,35.95,13.595
2025-11-25T14:40:00.134871+02:00,3648,1775,1873,1039,-537,-2004,394.19,388.115,9.6,14.8,8.5,1,4,2.6,35.95,13.595
2025-11-25T14:41:00.133400+02:00,3395,1658,1737,992,-315,-2005,399.73,391.615,10.5,14.9,8.5,1.4,4.4,2.6,36.7,13.69
2025-11-25T14:42:00.133728+02:00,4046,1978,2068,1057,-906,-1980,399.73,391.615,10.5,14.9,8.5,1.4,4.4,2.6,36.7,13.69
2025-11-25T14:43:00.133749+02:00,4040,1980,2060,1093,-846,-2003,399.73,391.615,10.5,14.9,8.5,1.4,4.4,2.6,36.7,13.69
2025-11-25T14:44:00.133552+02:00,3127,1543,1584,976,-59,-2002,399.73,391.615,10.5,14.9,8.5,1.4,4.4,2.6,36.7,13.69
2025-11-25T14:45:00.133002+02:00,3099,1530,1569,974,-29,-2006,399.73,391.615,10.5,14.9,8.5,1.4,4.4,2.6,36.7,13.69
2025-11-25T14:46:00.133086+02:00,2454,1223,1231,971,31,-1458,398.963,399.347,10.5,14.9,8.5,1.4,4.4,2.6,37.368,13.816
2025-11-25T14:47:00.132823+02:00,2213,1114,1099,948,42,-1206,398.963,399.347,10.5,14.9,8.5,1.4,4.4,2.6,37.368,13.816
2025-11-25T14:48:00.133236+02:00,2331,1184,1147,860,36,-1450,398.963,399.347,10.5,14.9,8.5,1.4,4.4,2.6,37.368,13.816
2025-11-25T14:49:00.133790+02:00,2513,1296,1217,791,32,-1644,398.963,399.347,10.5,14.9,8.5,1.4,4.4,2.6,37.368,13.816
2025-11-25T14:50:00.132498+02:00,3501,1859,1642,884,-529,-2001,398.963,399.347,10.5,14.9,8.5,1.4,4.4,2.6,37.368,13.816
2025-11-25T14:51:00.132508+02:00,3553,1932,1621,975,-500,-2008,397.69,415.125,11.1,15.1,8.5,1.5,4.7,2.6,38,13.935
2025-11-25T14:52:00.132315+02:00,3878,2150,1728,974,-807,-2009,397.69,415.125,11.1,15.1,8.5,1.5,4.7,2.6,38,13.935
2025-11-25T14:53:00.132363+02:00,3830,2201,1629,944,-810,-2000,397.69,415.125,11.1,15.1,8.5,1.5,4.7,2.6,38,13.935
2025-11-25T14:54:00.133665+02:00,4449,2562,1887,1035,-1326,-2008,397.69,415.125,11.1,15.1,8.5,1.5,4.7,2.6,38,13.935
2025-11-25T14:55:00.133698+02:00,4479,2592,1887,1164,-1212,-2002,397.69,415.125,11.1,15.1,8.5,1.5,4.7,2.6,38,13.935
2025-11-25T14:56:00.133296+02:00,4209,2441,1768,1201,-916,-2000,402.275,428.15,11.1,15.1,8.5,1.5,4.7,2.6,38.95,14.065
2025-11-25T14:57:00.133923+02:00,4028,2351,1677,1133,-831,-2005,402.275,428.15,11.1,15.1,8.5,1.5,4.7,2.6,38.95,14.065
2025-11-25T14:58:00.132656+02:00,3398,1977,1421,1041,-267,-2006,402.275,428.15,11.1,15.1,8.5,1.5,4.7,2.6,38.95,14.065
2025-11-25T14:59:00.132644+02:00,4578,2711,1867,2394,-101,-2007,402.275,428.15,11.1,15.1,8.5,1.5,4.7,2.6,38.95,14.065
2025-11-25T15:00:00.132667+02:00,4288,2527,1761,1152,-1082,-2008,402.275,428.15,11.1,15.1,8.5,1.5,4.7,2.6,38.95,14.065
2025-11-25T15:01:00.132594+02:00,3602,2108,1494,1035,-471,-2007,401.08,419.3,11.7,15.3,8.5,1.6,5,2.6,39.8,14.23
2025-11-25T15:02:00.133169+02:00,3324,1926,1398,994,-237,-2009,401.08,419.3,11.7,15.3,8.5,1.6,5,2.6,39.8,14.23
2025-11-25T15:03:00.133320+02:00,3262,1886,1376,1052,-123,-2003,401.08,419.3,11.7,15.3,8.5,1.6,5,2.6,39.8,14.23
2025-11-25T15:04:00.132940+02:00,2823,1621,1202,966,16,-1814,401.08,419.3,11.7,15.3,8.5,1.6,5,2.6,39.8,14.23
2025-11-25T15:05:00.132561+02:00,2498,1426,1072,917,22,-1572,401.08,419.3,11.7,15.3,8.5,1.6,5,2.6,39.8,14.23
2025-11-25T15:06:00.133006+02:00,1857,1026,831,994,35,-850,401.005,414.77,11.7,15.3,8.5,1.6,5,2.6,40.65,14.39
2025-11-25T15:07:00.133274+02:00,2471,1407,1064,1096,41,-1416,401.005,414.77,11.7,15.3,8.5,1.6,5,2.6,40.65,14.39
2025-11-25T15:08:00.132535+02:00,3030,1758,1272,953,26,-1978,401.005,414.77,11.7,15.3,8.5,1.6,5,2.6,40.65,14.39
2025-11-25T15:09:00.133220+02:00,3672,2156,1516,989,18,-2591,401.005,414.77,11.7,15.3,8.5,1.6,5,2.6,40.65,14.39
2025-11-25T15:10:00.132849+02:00,3130,1819,1311,1075,14,-1975,401.005,414.77,11.7,15.3,8.5,1.6,5,2.6,40.65,14.39
2025-11-25T15:11:00.134030+02:00,2718,1556,1162,1092,11,-1578,401.815,417.685,12.2,15.4,8.5,1.6,5.3,2.6,41.3,14.545
2025-11-25T15:12:00.132885+02:00,3056,1770,1286,1185,19,-1831,401.815,417.685,12.2,15.4,8.5,1.6,5.3,2.6,41.3,14.545
2025-11-25T15:13:00.132893+02:00,3623,2121,1502,1251,-38,-2251,401.815,417.685,12.2,15.4,8.5,1.6,5.3,2.6,41.3,14.545
2025-11-25T15:14:00.132508+02:00,3526,2059,1467,1369,-5,-2055,401.815,417.685,12.2,15.4,8.5,1.6,5.3,2.6,41.3,14.545
2025-11-25T15:15:00.132866+02:00,2690,1533,1157,1065,33,-1625,401.815,417.685,12.2,15.4,8.5,1.6,5.3,2.6,41.3,14.545
2025-11-25T15:16:00.132344+02:00,3058,1776,1282,1001,8,-1942,402.13,416.145,12.2,15.4,8.5,1.6,5.3,2.6,42.1,14.69
2025-11-25T15:17:00.132279+02:00,3286,1903,1383,940,27,-2295,402.13,416.145,12.2,15.4,8.5,1.6,5.3,2.6,42.1,14.69
2025-11-25T15:18:00.132065+02:00,3420,1994,1426,789,27,-2551,402.13,416.145,12.2,15.4,8.5,1.6,5.3,2.6,42.1,14.69
2025-11-25T15:19:00.132886+02:00,3996,2365,1631,1072,23,-2831,402.13,416.145,12.2,15.4,8.5,1.6,5.3,2.6,42.1,14.69
2025-11-25T15:20:00.133284+02:00,3943,2329,1614,1021,24,-2802,402.13,416.145,12.2,15.4,8.5,1.6,5.3,2.6,42.1,14.69
2025-11-25T15:21:00.133871+02:00,3102,1804,1298,988,26,-2082,403.265,418.575,12.8,15.6,8.5,1.6,5.6,2.6,43.15,14.855
2025-11-25T15:22:00.133335+02:00,3279,1916,1363,907,15,-2309,403.265,418.575,12.8,15.6,8.5,1.6,5.6,2.6,43.15,14.855
2025-11-25T15:23:00.132824+02:00,3425,1997,1428,782,31,-2570,403.265,418.575,12.8,15.6,8.5,1.6,5.6,2.6,43.15,14.855
2025-11-25T15:24:00.133055+02:00,2994,1733,1261,765,26,-2172,403.265,418.575,12.8,15.6,8.5,1.6,5.6,2.6,43.15,14.855
2025-11-25T15:25:00.133377+02:00,2839,1629,1210,779,43,-2040,403.265,418.575,12.8,15.6,8.5,1.6,5.6,2.6,43.15,14.855
2025-11-25T15:26:00.134024+02:00,3598,2117,1481,770,31,-2748,402.845,416.29,12.8,15.6,8.5,1.6,5.6,2.6,44.15,15.04
2025-11-25T15:27:00.133014+02:00,3575,2094,1481,1276,-1,-2171,402.845,416.29,12.8,15.6,8.5,1.6,5.6,2.6,44.15,15.04
2025-11-25T15:28:00.133557+02:00,3815,2245,1570,1116,73,-2620,402.845,416.29,12.8,15.6,8.5,1.6,5.6,2.6,44.15,15.04
2025-11-25T15:29:00.132982+02:00,3779,2234,1545,1197,31,-2473,402.845,416.29,12.8,15.6,8.5,1.6,5.6,2.6,44.15,15.04
2025-11-25T15:30:00.132993+02:00,3723,2184,1539,1134,83,-2758,402.845,416.29,12.8,15.6,8.5,1.6,5.6,2.6,44.15,15.04
2025-11-25T15:31:00.132647+02:00,3692,2180,1512,995,-24,-2544,401.465,418.3,13.3,15.8,8.5,1.6,6,2.6,45.2,15.17
2025-11-25T15:32:00.132769+02:00,3575,2101,1474,768,7,-2696,401.465,418.3,13.3,15.8,8.5,1.6,6,2.6,45.2,15.17
2025-11-25T15:33:00.132664+02:00,2808,1625,1183,774,10,-1969,401.465,418.3,13.3,15.8,8.5,1.6,6,2.6,45.2,15.17
2025-11-25T15:34:00.133795+02:00,2293,1313,980,735,22,-1519,401.465,418.3,13.3,15.8,8.5,1.6,6,2.6,45.2,15.17
2025-11-25T15:35:00.133837+02:00,1722,960,762,878,5,-899,401.465,418.3,13.3,15.8,8.5,1.6,6,2.6,45.2,15.17
2025-11-25T15:36:00.132940+02:00,1296,696,600,844,24,-437,397.71,415.05,13.3,15.8,8.5,1.6,6,2.6,46,15.295
2025-11-25T15:37:00.132896+02:00,1091,578,513,876,32,-215,397.71,415.05,13.3,15.8,8.5,1.6,6,2.6,46,15.295
2025-11-25T15:38:00.133853+02:00,972,505,467,1138,20,158,397.71,415.05,13.3,15.8,8.5,1.6,6,2.6,46,15.295
2025-11-25T15:39:00.133416+02:00,802,408,394,723,51,-58,397.71,415.05,13.3,15.8,8.5,1.6,6,2.6,46,15.295
2025-11-25T15:40:00.132696+02:00,725,363,362,810,21,66,397.71,415.05,13.3,15.8,8.5,1.6,6,2.6,46,15.295
2025-11-25T15:41:00.134523+02:00,643,343,300,857,33,228,388.463,392.1,13.8,15.9,8.5,1.6,6.3,2.6,46,15.395
2025-11-25T15:42:00.132997+02:00,626,331,295,1300,14,661,388.463,392.1,13.8,15.9,8.5,1.6,6.3,2.6,46,15.395
2025-11-25T15:43:00.135519+02:00,643,319,324,1278,11,659,388.463,392.1,13.8,15.9,8.5,1.6,6.3,2.6,46,15.395
2025-11-25T15:44:00.133422+02:00,707,364,343,1356,2,702,388.463,392.1,13.8,15.9,8.5,1.6,6.3,2.6,46,15.395
2025-11-25T15:45:00.134202+02:00,1015,571,444,1225,-1,267,388.463,392.1,13.8,15.9,8.5,1.6,6.3,2.6,46,15.395
2025-11-25T15:46:00.132826+02:00,1444,841,603,1442,14,19,375.165,383.575,13.8,15.9,8.5,1.6,6.3,2.6,46,15.36
2025-11-25T15:47:00.132217+02:00,1905,1151,754,854,26,-1039,375.165,383.575,13.8,15.9,8.5,1.6,6.3,2.6,46,15.36
2025-11-25T15:48:00.133509+02:00,2295,1436,859,954,14,-1288,375.165,383.575,13.8,15.9,8.5,1.6,6.3,2.6,46,15.36
2025-11-25T15:49:00.132633+02:00,1516,938,578,1015,21,-492,375.165,383.575,13.8,15.9,8.5,1.6,6.3,2.6,46,15.36
2025-11-25T15:50:00.132750+02:00,912,546,366,1271,15,381,375.165,383.575,13.8,15.9,8.5,1.6,6.3,2.6,46,15.36
2025-11-25T15:51:00.133359+02:00,688,385,303,1265,12,591,405.475,426.605,13.9,16.1,8.5,1.6,6.3,2.6,46,15.3
2025-11-25T15:52:00.133686+02:00,620,345,275,1273,7,687,405.475,426.605,13.9,16.1,8.5,1.6,6.3,2.6,46,15.3
2025-11-25T15:53:00.133336+02:00,563,316,247,1208,19,650,405.475,426.605,13.9,16.1,8.5,1.6,6.3,2.6,46,15.3
2025-11-25T15:54:00.132410+02:00,484,267,217,961,-15,493,405.475,426.605,13.9,16.1,8.5,1.6,6.3,2.6,46,15.3
2025-11-25T15:55:00.133461+02:00,439,250,189,828,39,404,405.475,426.605,13.9,16.1,8.5,1.6,6.3,2.6,46,15.3
2025-11-25T15:56:00.132682+02:00,508,298,210,847,35,310,386.625,378.085,13.9,16.1,8.5,1.6,6.3,2.6,46,15.255
2025-11-25T15:57:00.132663+02:00,535,321,214,954,30,411,386.625,378.085,13.9,16.1,8.5,1.6,6.3,2.6,46,15.255
2025-11-25T15:58:00.133638+02:00,485,275,210,1241,16,779,386.625,378.085,13.9,16.1,8.5,1.6,6.3,2.6,46,15.255
2025-11-25T15:59:00.132955+02:00,451,253,198,1400,32,940,386.625,378.085,13.9,16.1,8.5,1.6,6.3,2.6,46,15.255
2025-11-25T16:00:00.132952+02:00,460,262,198,1251,-1,803,386.625,378.085,13.9,16.1,8.5,1.6,6.3,2.6,46,15.255
2025-11-25T16:01:00.132422+02:00,438,245,193,1205,32,762,383.6,416.725,14.1,16.3,8.5,1.6,6.3,2.7,46,15.19
2025-11-25T16:02:00.133532+02:00,400,222,178,1073,6,704,383.6,416.725,14.1,16.3,8.5,1.6,6.3,2.7,46,15.19
2025-11-25T16:03:00.132803+02:00,365,188,177,776,4,417,383.6,416.725,14.1,16.3,8.5,1.6,6.3,2.7,46,15.19
2025-11-25T16:04:00.132716+02:00,365,188,177,767,18,397,383.6,416.725,14.1,16.3,8.5,1.6,6.3,2.7,46,15.19
2025-11-25T16:05:00.133351+02:00,341,171,170,714,15,404,383.6,416.725,14.1,16.3,8.5,1.6,6.3,2.7,46,15.19
2025-11-25T16:06:00.132496+02:00,326,161,165,705,7,374,378.065,406.465,14.1,16.3,8.5,1.6,6.3,2.7,46,15.1
2025-11-25T16:07:00.132600+02:00,312,144,168,816,56,455,378.065,406.465,14.1,16.3,8.5,1.6,6.3,2.7,46,15.1
2025-11-25T16:08:00.133146+02:00,296,138,158,748,9,444,378.065,406.465,14.1,16.3,8.5,1.6,6.3,2.7,46,15.1
2025-11-25T16:09:00.133666+02:00,277,127,150,970,31,682,378.065,406.465,14.1,16.3,8.5,1.6,6.3,2.7,46,15.1
2025-11-25T16:10:00.134458+02:00,253,104,149,1126,26,887,378.065,406.465,14.1,16.3,8.5,1.6,6.3,2.7,46,15.1
2025-11-25T16:11:00.132597+02:00,249,104,145,852,25,587,368.77,400.205,14.1,16.4,8.5,1.6,6.3,2.8,45.45,15.015
2025-11-25T16:12:00.134514+02:00,245,105,140,912,15,662,368.77,400.205,14.1,16.4,8.5,1.6,6.3,2.8,45.45,15.015
2025-11-25T16:13:00.133227+02:00,221,107,114,910,8,706,368.77,400.205,14.1,16.4,8.5,1.6,6.3,2.8,45.45,15.015
2025-11-25T16:14:00.134457+02:00,214,104,110,931,20,704,368.77,400.205,14.1,16.4,8.5,1.6,6.3,2.8,45.45,15.015
2025-11-25T16:15:00.133663+02:00,201,95,106,1236,37,1033,368.77,400.205,14.1,16.4,8.5,1.6,6.3,2.8,45.45,15.015
2025-11-25T16:16:00.133244+02:00,190,89,101,1174,51,978,351.21,346.105,14.1,16.4,8.5,1.6,6.3,2.8,45,14.93
2025-11-25T16:17:00.133793+02:00,191,78,113,875,14,684,351.21,346.105,14.1,16.4,8.5,1.6,6.3,2.8,45,14.93
2025-11-25T16:18:00.133726+02:00,175,69,106,891,7,714,351.21,346.105,14.1,16.4,8.5,1.6,6.3,2.8,45,14.93
2025-11-25T16:19:00.134986+02:00,170,64,106,777,21,599,351.21,346.105,14.1,16.4,8.5,1.6,6.3,2.8,45,14.93
2025-11-25T16:20:00.133843+02:00,164,58,106,751,21,565,351.21,346.105,14.1,16.4,8.5,1.6,6.3,2.8,45,14.93
2025-11-25T16:21:00.134190+02:00,151,50,101,824,16,607,361.685,374.43,14.2,16.6,8.5,1.6,6.3,2.9,45,14.845
2025-11-25T16:22:00.132600+02:00,146,50,96,746,32,599,361.685,374.43,14.2,16.6,8.5,1.6,6.3,2.9,45,14.845
2025-11-25T16:23:00.133940+02:00,134,39,95,804,23,672,361.685,374.43,14.2,16.6,8.5,1.6,6.3,2.9,45,14.845
2025-11-25T16:24:00.133000+02:00,130,44,86,749,26,606,361.685,374.43,14.2,16.6,8.5,1.6,6.3,2.9,45,14.845
2025-11-25T16:25:00.133964+02:00,117,32,85,892,10,784,361.685,374.43,14.2,16.6,8.5,1.6,6.3,2.9,45,14.845
2025-11-25T16:26:00.141188+02:00,115,36,79,829,12,723,352,380.16,14.2,16.6,8.5,1.6,6.3,2.9,44.35,14.755
2025-11-25T16:27:00.135063+02:00,101,27,74,983,11,892,352,380.16,14.2,16.6,8.5,1.6,6.3,2.9,44.35,14.755
2025-11-25T16:28:00.133568+02:00,90,23,67,792,21,689,352,380.16,14.2,16.6,8.5,1.6,6.3,2.9,44.35,14.755
2025-11-25T16:29:00.132167+02:00,82,18,64,810,11,729,352,380.16,14.2,16.6,8.5,1.6,6.3,2.9,44.35,14.755
2025-11-25T16:30:00.133886+02:00,69,13,56,758,17,697,352,380.16,14.2,16.6,8.5,1.6,6.3,2.9,44.35,14.755
2025-11-25T16:31:00.135003+02:00,56,10,46,763,36,716,312.275,358.37,14.2,16.8,8.5,1.6,6.3,3.1,44,14.665
2025-11-25T16:32:00.133518+02:00,48,4,44,945,40,920,312.275,358.37,14.2,16.8,8.5,1.6,6.3,3.1,44,14.665
2025-11-25T16:33:00.132640+02:00,36,2,34,855,16,870,312.275,358.37,14.2,16.8,8.5,1.6,6.3,3.1,44,14.665
2025-11-25T16:34:00.132466+02:00,39,1,38,752,26,663,312.275,358.37,14.2,16.8,8.5,1.6,6.3,3.1,44,14.665
2025-11-25T16:35:00.133054+02:00,36,0,36,727,-11,756,312.275,358.37,14.2,16.8,8.5,1.6,6.3,3.1,44,14.665
2025-11-25T16:36:00.132647+02:00,28,0,28,746,29,740,169.545,271.47,14.2,16.8,8.5,1.6,6.3,3.1,44,14.57
2025-11-25T16:37:00.132586+02:00,23,0,23,675,11,706,169.545,271.47,14.2,16.8,8.5,1.6,6.3,3.1,44,14.57
2025-11-25T16:38:00.134359+02:00,21,0,21,718,17,731,169.545,271.47,14.2,16.8,8.5,1.6,6.3,3.1,44,14.57
2025-11-25T16:39:00.133819+02:00,15,0,15,680,31,689,169.545,271.47,14.2,16.8,8.5,1.6,6.3,3.1,44,14.57
2025-11-25T16:40:00.134087+02:00,16,0,16,763,6,779,169.545,271.47,14.2,16.8,8.5,1.6,6.3,3.1,44,14.57
2025-11-25T16:41:00.134947+02:00,13,0,13,765,9,816,131.36,228.825,14.2,16.9,8.5,1.6,6.3,3.2,43.1,14.475
2025-11-25T16:42:00.132717+02:00,9,0,9,846,20,881,131.36,228.825,14.2,16.9,8.5,1.6,6.3,3.2,43.1,14.475
2025-11-25T16:43:00.132939+02:00,8,0,8,890,12,937,131.36,228.825,14.2,16.9,8.5,1.6,6.3,3.2,43.1,14.475
2025-11-25T16:44:00.134390+02:00,5,0,5,901,31,933,131.36,228.825,14.2,16.9,8.5,1.6,6.3,3.2,43.1,14.475
2025-11-25T16:45:00.132494+02:00,5,0,5,883,21,916,131.36,228.825,14.2,16.9,8.5,1.6,6.3,3.2,43.1,14.475
2025-11-25T16:46:00.133807+02:00,3,0,3,911,36,956,145.655,225.38,14.2,16.9,8.5,1.6,6.3,3.2,43,14.375
2025-11-25T16:47:00.132397+02:00,4,0,4,808,23,856,145.655,225.38,14.2,16.9,8.5,1.6,6.3,3.2,43,14.375
2025-11-25T16:48:00.132712+02:00,2,0,2,731,22,781,145.655,225.38,14.2,16.9,8.5,1.6,6.3,3.2,43,14.375
2025-11-25T16:49:00.135168+02:00,4,0,4,724,12,779,145.655,225.38,14.2,16.9,8.5,1.6,6.3,3.2,43,14.375
2025-11-25T16:50:00.134842+02:00,0,0,0,711,27,753,145.655,225.38,14.2,16.9,8.5,1.6,6.3,3.2,43,14.375
2025-11-25T16:51:00.131946+02:00,0,0,0,730,4,775,112.91,318.48,14.2,17,8.5,1.6,6.3,3.3,42.65,14.285
2025-11-25T16:52:00.140683+02:00,0,0,0,689,14,763,112.91,318.48,14.2,17,8.5,1.6,6.3,3.3,42.65,14.285
2025-11-25T16:53:00.133205+02:00,0,0,0,728,27,772,112.91,318.48,14.2,17,8.5,1.6,6.3,3.3,42.65,14.285
2025-11-25T16:54:00.133888+02:00,0,0,0,761,12,796,112.91,318.48,14.2,17,8.5,1.6,6.3,3.3,42.65,14.285
2025-11-25T16:55:00.133718+02:00,0,0,0,798,22,840,112.91,318.48,14.2,17,8.5,1.6,6.3,3.3,42.65,14.285
2025-11-25T16:56:00.133474+02:00,0,0,0,807,25,857,114.84,312.505,14.2,17,8.5,1.6,6.3,3.3,42,14.185
2025-11-25T16:57:00.133419+02:00,0,0,0,810,22,862,114.84,312.505,14.2,17,8.5,1.6,6.3,3.3,42,14.185
2025-11-25T16:58:00.134534+02:00,0,0,0,828,5,889,114.84,312.505,14.2,17,8.5,1.6,6.3,3.3,42,14.185
2025-11-25T16:59:00.132230+02:00,0,0,0,761,5,828,114.84,312.505,14.2,17,8.5,1.6,6.3,3.3,42,14.185
2025-11-25T17:00:00.132253+02:00,0,0,0,707,21,781,114.84,312.505,14.2,17,8.5,1.6,6.3,3.3,42,14.185
2025-11-25T17:01:00.132741+02:00,0,0,0,725,9,791,115.09,301.845,14.2,17.1,8.5,1.6,6.3,3.5,42,14.09
2025-11-25T17:02:00.131878+02:00,0,0,0,728,17,763,115.09,301.845,14.2,17.1,8.5,1.6,6.3,3.5,42,14.09
2025-11-25T17:03:00.132998+02:00,0,0,0,762,22,816,115.09,301.845,14.2,17.1,8.5,1.6,6.3,3.5,42,14.09
2025-11-25T17:04:00.134129+02:00,0,0,0,746,20,809,115.09,301.845,14.2,17.1,8.5,1.6,6.3,3.5,42,14.09
2025-11-25T17:05:00.132412+02:00,0,0,0,741,25,798,115.09,301.845,14.2,17.1,8.5,1.6,6.3,3.5,42,14.09
2025-11-25T17:06:00.132886+02:00,0,0,0,724,24,779,104.18,298.28,14.2,17.1,8.5,1.6,6.3,3.5,41.2,13.995
2025-11-25T17:07:00.132552+02:00,0,0,0,719,28,774,104.18,298.28,14.2,17.1,8.5,1.6,6.3,3.5,41.2,13.995
2025-11-25T17:08:00.132615+02:00,0,0,0,777,24,826,104.18,298.28,14.2,17.1,8.5,1.6,6.3,3.5,41.2,13.995
2025-11-25T17:09:00.133380+02:00,0,0,0,832,31,898,104.18,298.28,14.2,17.1,8.5,1.6,6.3,3.5,41.2,13.995
2025-11-25T17:10:00.132724+02:00,0,0,0,825,24,878,104.18,298.28,14.2,17.1,8.5,1.6,6.3,3.5,41.2,13.995
2025-11-25T17:11:00.134409+02:00,0,0,0,819,15,876,157.126,239.605,14.2,17.3,8.5,1.6,6.3,3.6,41,13.9
2025-11-25T17:12:00.132693+02:00,0,0,0,830,25,885,157.126,239.605,14.2,17.3,8.5,1.6,6.3,3.6,41,13.9
2025-11-25T17:13:00.133707+02:00,0,0,0,869,24,892,157.126,239.605,14.2,17.3,8.5,1.6,6.3,3.6,41,13.9
2025-11-25T17:14:00.132777+02:00,0,0,0,831,11,901,157.126,239.605,14.2,17.3,8.5,1.6,6.3,3.6,41,13.9
2025-11-25T17:15:00.133908+02:00,0,0,0,814,24,874,157.126,239.605,14.2,17.3,8.5,1.6,6.3,3.6,41,13.9
2025-11-25T17:16:00.132692+02:00,0,0,0,842,24,897,174.82,165.995,14.2,17.3,8.5,1.6,6.3,3.6,40.7,13.81
2025-11-25T17:17:00.132824+02:00,0,0,0,740,-8,811,174.82,165.995,14.2,17.3,8.5,1.6,6.3,3.6,40.7,13.81
2025-11-25T17:18:00.133215+02:00,0,0,0,780,28,839,174.82,165.995,14.2,17.3,8.5,1.6,6.3,3.6,40.7,13.81
2025-11-25T17:19:00.133592+02:00,0,0,0,743,19,814,174.82,165.995,14.2,17.3,8.5,1.6,6.3,3.6,40.7,13.81
2025-11-25T17:20:00.133219+02:00,0,0,0,737,30,774,174.82,165.995,14.2,17.3,8.5,1.6,6.3,3.6,40.7,13.81
2025-11-25T17:21:00.132934+02:00,0,0,0,684,12,752,136.605,139.005,14.2,17.4,8.5,1.6,6.3,3.7,40,13.726
2025-11-25T17:22:00.132947+02:00,0,0,0,775,7,847,136.605,139.005,14.2,17.4,8.5,1.6,6.3,3.7,40,13.726
2025-11-25T17:23:00.132847+02:00,0,0,0,801,17,865,136.605,139.005,14.2,17.4,8.5,1.6,6.3,3.7,40,13.726
2025-11-25T17:24:00.132148+02:00,0,0,0,853,31,903,136.605,139.005,14.2,17.4,8.5,1.6,6.3,3.7,40,13.726
2025-11-25T17:25:00.132945+02:00,0,0,0,854,25,904,136.605,139.005,14.2,17.4,8.5,1.6,6.3,3.7,40,13.726
2025-11-25T17:26:00.133142+02:00,0,0,0,869,28,918,92.535,97.98,14.2,17.4,8.5,1.6,6.3,3.7,40,13.645
2025-11-25T17:27:00.132249+02:00,0,0,0,863,20,934,92.535,97.98,14.2,17.4,8.5,1.6,6.3,3.7,40,13.645
2025-11-25T17:28:00.132972+02:00,0,0,0,863,25,916,92.535,97.98,14.2,17.4,8.5,1.6,6.3,3.7,40,13.645
2025-11-25T17:29:00.133094+02:00,0,0,0,848,15,942,92.535,97.98,14.2,17.4,8.5,1.6,6.3,3.7,40,13.645
2025-11-25T17:30:00.133909+02:00,0,0,0,845,23,895,92.535,97.98,14.2,17.4,8.5,1.6,6.3,3.7,40,13.645
2025-11-25T17:31:00.133264+02:00,0,0,0,960,22,999,53.86,57.465,14.2,17.5,8.5,1.6,6.3,3.9,39.35,13.565
2025-11-25T17:32:00.133339+02:00,0,0,0,973,11,1034,53.86,57.465,14.2,17.5,8.5,1.6,6.3,3.9,39.35,13.565
2025-11-25T17:33:00.134033+02:00,0,0,0,973,13,1040,53.86,57.465,14.2,17.5,8.5,1.6,6.3,3.9,39.35,13.565
2025-11-25T17:34:00.133793+02:00,0,0,0,1000,22,1053,53.86,57.465,14.2,17.5,8.5,1.6,6.3,3.9,39.35,13.565
2025-11-25T17:35:00.132646+02:00,0,0,0,986,32,1036,53.86,57.465,14.2,17.5,8.5,1.6,6.3,3.9,39.35,13.565
2025-11-25T17:36:00.134016+02:00,0,0,0,1099,22,1152,30.61,32.838,14.2,17.5,8.5,1.6,6.3,3.9,39,13.481
2025-11-25T17:37:00.133371+02:00,0,0,0,1118,32,1141,30.61,32.838,14.2,17.5,8.5,1.6,6.3,3.9,39,13.481
2025-11-25T17:38:00.134824+02:00,0,0,0,1054,4,1119,30.61,32.838,14.2,17.5,8.5,1.6,6.3,3.9,39,13.481
2025-11-25T17:39:00.133582+02:00,0,0,0,1053,16,1113,30.61,32.838,14.2,17.5,8.5,1.6,6.3,3.9,39,13.481
2025-11-25T17:40:00.133313+02:00,0,0,0,972,22,1033,30.61,32.838,14.2,17.5,8.5,1.6,6.3,3.9,39,13.481
2025-11-25T17:41:00.132697+02:00,0,0,0,961,20,1024,16.905,18.363,14.2,17.7,8.5,1.6,6.3,4.1,38.579,13.4
2025-11-25T17:42:00.133256+02:00,0,0,0,1039,24,1095,16.905,18.363,14.2,17.7,8.5,1.6,6.3,4.1,38.579,13.4
2025-11-25T17:43:00.133021+02:00,0,0,0,1022,11,1048,16.905,18.363,14.2,17.7,8.5,1.6,6.3,4.1,38.579,13.4
2025-11-25T17:44:00.133462+02:00,0,0,0,3053,11,3188,16.905,18.363,14.2,17.7,8.5,1.6,6.3,4.1,38.579,13.4
2025-11-25T17:45:00.133318+02:00,0,0,0,3043,6,3135,16.905,18.363,14.2,17.7,8.5,1.6,6.3,4.1,38.579,13.4
2025-11-25T17:46:00.133579+02:00,0,0,0,2954,10,3042,9.25,10.24,14.2,17.7,8.5,1.6,6.3,4.1,37.9,13.3
2025-11-25T17:47:00.133805+02:00,0,0,0,2966,5,3059,9.25,10.24,14.2,17.7,8.5,1.6,6.3,4.1,37.9,13.3
2025-11-25T17:48:00.133405+02:00,0,0,0,2951,6,3031,9.25,10.24,14.2,17.7,8.5,1.6,6.3,4.1,37.9,13.3
2025-11-25T17:49:00.133565+02:00,0,0,0,3000,8,3089,9.25,10.24,14.2,17.7,8.5,1.6,6.3,4.1,37.9,13.3
2025-11-25T17:50:00.133319+02:00,0,0,0,3027,17,3099,9.25,10.24,14.2,17.7,8.5,1.6,6.3,4.1,37.9,13.3
2025-11-25T17:51:00.133433+02:00,0,0,0,3076,9,3164,5.015,5.745,14.2,18,8.5,1.6,6.3,4.4,36.65,13.24
2025-11-25T17:52:00.133552+02:00,0,0,0,3207,28,3279,5.015,5.745,14.2,18,8.5,1.6,6.3,4.4,36.65,13.24
2025-11-25T17:53:00.133452+02:00,0,0,0,3090,6,3191,5.015,5.745,14.2,18,8.5,1.6,6.3,4.4,36.65,13.24
2025-11-25T17:54:00.132867+02:00,0,0,0,3062,5,3158,5.015,5.745,14.2,18,8.5,1.6,6.3,4.4,36.65,13.24
2025-11-25T17:55:00.132823+02:00,0,0,0,3019,-3,3065,5.015,5.745,14.2,18,8.5,1.6,6.3,4.4,36.65,13.24
2025-11-25T17:56:00.133751+02:00,0,0,0,3025,11,3114,2.86,3.105,14.2,18,8.5,1.6,6.3,4.4,35.4,13.195
2025-11-25T17:57:00.133990+02:00,0,0,0,3023,7,3114,2.86,3.105,14.2,18,8.5,1.6,6.3,4.4,35.4,13.195
2025-11-25T17:58:00.133816+02:00,0,0,0,967,1,1041,2.86,3.105,14.2,18,8.5,1.6,6.3,4.4,35.4,13.195
2025-11-25T17:59:00.133156+02:00,0,0,0,992,50,1055,2.86,3.105,14.2,18,8.5,1.6,6.3,4.4,35.4,13.195
2025-11-25T18:00:00.133693+02:00,0,0,0,1013,-4,1073,2.86,3.105,14.2,18,8.5,1.6,6.3,4.4,35.4,13.195
2025-11-25T18:01:00.134795+02:00,0,0,0,1043,24,1090,2.48,1.865,14.2,18.5,8.6,1.6,6.3,4.9,34.1,13.1
2025-11-25T18:02:00.134214+02:00,0,0,0,1074,22,1146,2.48,1.865,14.2,18.5,8.6,1.6,6.3,4.9,34.1,13.1
2025-11-25T18:03:00.134060+02:00,0,0,0,1077,11,1153,2.48,1.865,14.2,18.5,8.6,1.6,6.3,4.9,34.1,13.1
2025-11-25T18:04:00.134375+02:00,0,0,0,1112,39,1137,2.48,1.865,14.2,18.5,8.6,1.6,6.3,4.9,34.1,13.1
2025-11-25T18:05:00.133847+02:00,0,0,0,1129,22,1183,2.48,1.865,14.2,18.5,8.6,1.6,6.3,4.9,34.1,13.1
2025-11-25T18:06:00.133970+02:00,0,0,0,1138,21,1191,2.425,1.235,14.2,18.5,8.6,1.6,6.3,4.9,34,13.045
2025-11-25T18:07:00.133972+02:00,0,0,0,1139,17,1197,2.425,1.235,14.2,18.5,8.6,1.6,6.3,4.9,34,13.045
2025-11-25T18:08:00.134830+02:00,0,0,0,1089,23,1142,2.425,1.235,14.2,18.5,8.6,1.6,6.3,4.9,34,13.045
2025-11-25T18:09:00.133610+02:00,0,0,0,1087,13,1137,2.425,1.235,14.2,18.5,8.6,1.6,6.3,4.9,34,13.045
2025-11-25T18:10:00.132366+02:00,0,0,0,1135,-8,1206,2.425,1.235,14.2,18.5,8.6,1.6,6.3,4.9,34,13.045
2025-11-25T18:11:00.133127+02:00,0,0,0,995,7,1067,2.44,1.08,14.2,18.7,8.6,1.6,6.3,5.1,33.05,12.995
2025-11-25T18:12:00.133681+02:00,0,0,0,978,17,1032,2.44,1.08,14.2,18.7,8.6,1.6,6.3,5.1,33.05,12.995
2025-11-25T18:13:00.132574+02:00,0,0,0,847,20,919,2.44,1.08,14.2,18.7,8.6,1.6,6.3,5.1,33.05,12.995
2025-11-25T18:14:00.133992+02:00,0,0,0,859,30,916,2.44,1.08,14.2,18.7,8.6,1.6,6.3,5.1,33.05,12.995
2025-11-25T18:15:00.133186+02:00,0,0,0,1914,8,1985,2.44,1.08,14.2,18.7,8.6,1.6,6.3,5.1,33.05,12.995
2025-11-25T18:16:00.133735+02:00,0,0,0,1933,26,1968,2.52,1.08,14.2,18.7,8.6,1.6,6.3,5.1,32.75,12.9
2025-11-25T18:17:00.133406+02:00,0,0,0,1878,4,1959,2.52,1.08,14.2,18.7,8.6,1.6,6.3,5.1,32.75,12.9
2025-11-25T18:18:00.133363+02:00,0,0,0,1915,9,1991,2.52,1.08,14.2,18.7,8.6,1.6,6.3,5.1,32.75,12.9
2025-11-25T18:19:00.133179+02:00,0,0,0,1931,13,2007,2.52,1.08,14.2,18.7,8.6,1.6,6.3,5.1,32.75,12.9
2025-11-25T18:20:00.134453+02:00,0,0,0,1855,14,1932,2.52,1.08,14.2,18.7,8.6,1.6,6.3,5.1,32.75,12.9
2025-11-25T18:21:00.133580+02:00,0,0,0,1858,10,1936,2.7,1.2,14.2,18.9,8.6,1.6,6.3,5.3,31.8,12.845
2025-11-25T18:22:00.134014+02:00,0,0,0,1920,30,1976,2.7,1.2,14.2,18.9,8.6,1.6,6.3,5.3,31.8,12.845
2025-11-25T18:23:00.133823+02:00,0,0,0,1855,5,1925,2.7,1.2,14.2,18.9,8.6,1.6,6.3,5.3,31.8,12.845
2025-11-25T18:24:00.134126+02:00,0,0,0,1837,7,1911,2.7,1.2,14.2,18.9,8.6,1.6,6.3,5.3,31.8,12.845
2025-11-25T18:25:00.133416+02:00,0,0,0,1818,11,1899,2.7,1.2,14.2,18.9,8.6,1.6,6.3,5.3,31.8,12.845
2025-11-25T18:26:00.133395+02:00,0,0,0,1674,13,1772,2.7,1.19,14.2,18.9,8.6,1.6,6.3,5.3,30.85,12.795
2025-11-25T18:27:00.133399+02:00,0,0,0,1664,7,1743,2.7,1.19,14.2,18.9,8.6,1.6,6.3,5.3,30.85,12.795
2025-11-25T18:28:00.134044+02:00,0,0,0,1706,1,1818,2.7,1.19,14.2,18.9,8.6,1.6,6.3,5.3,30.85,12.795
2025-11-25T18:29:00.134885+02:00,0,0,0,1689,6,1761,2.7,1.19,14.2,18.9,8.6,1.6,6.3,5.3,30.85,12.795
2025-11-25T18:30:00.134252+02:00,0,0,0,1825,8,1906,2.7,1.19,14.2,18.9,8.6,1.6,6.3,5.3,30.85,12.795
2025-11-25T18:31:00.133730+02:00,0,0,0,4020,6,4117,2.69,1.205,14.2,19.2,8.6,1.6,6.3,5.6,29.9,12.7
2025-11-25T18:32:00.133397+02:00,0,0,0,4026,33,4126,2.69,1.205,14.2,19.2,8.6,1.6,6.3,5.6,29.9,12.7
2025-11-25T18:33:00.133932+02:00,0,0,0,4675,661,4215,2.69,1.205,14.2,19.2,8.6,1.6,6.3,5.6,29.9,12.7
2025-11-25T18:34:00.133996+02:00,0,0,0,4132,30,4238,2.69,1.205,14.2,19.2,8.6,1.6,6.3,5.6,29.9,12.7
2025-11-25T18:35:00.133974+02:00,0,0,0,4132,27,4250,2.69,1.205,14.2,19.2,8.6,1.6,6.3,5.6,29.9,12.7
2025-11-25T18:36:00.134876+02:00,0,0,0,4120,33,4225,2.65,1.32,14.2,19.2,8.6,1.6,6.3,5.6,28.35,12.7
2025-11-25T18:37:00.134081+02:00,0,0,0,4043,0,4190,2.65,1.32,14.2,19.2,8.6,1.6,6.3,5.6,28.35,12.7
2025-11-25T18:38:00.133630+02:00,0,0,0,4026,30,4130,2.65,1.32,14.2,19.2,8.6,1.6,6.3,5.6,28.35,12.7
2025-11-25T18:39:00.133364+02:00,0,0,0,4019,38,4125,2.65,1.32,14.2,19.2,8.6,1.6,6.3,5.6,28.35,12.7
2025-11-25T18:40:00.133595+02:00,0,0,0,4029,37,4128,2.65,1.32,14.2,19.2,8.6,1.6,6.3,5.6,28.35,12.7
2025-11-25T18:41:00.135050+02:00,0,0,0,3904,2,4047,2.645,1.32,14.2,19.8,8.6,1.6,6.3,6.2,26.3,12.7
2025-11-25T18:42:00.133812+02:00,0,0,0,3725,10,3865,2.645,1.32,14.2,19.8,8.6,1.6,6.3,6.2,26.3,12.7
2025-11-25T18:43:00.133129+02:00,0,0,0,3710,13,3835,2.645,1.32,14.2,19.8,8.6,1.6,6.3,6.2,26.3,12.7
2025-11-25T18:44:00.134080+02:00,0,0,0,3855,12,3989,2.645,1.32,14.2,19.8,8.6,1.6,6.3,6.2,26.3,12.7
2025-11-25T18:45:00.133667+02:00,0,0,0,2025,10,2153,2.645,1.32,14.2,19.8,8.6,1.6,6.3,6.2,26.3,12.7
2025-11-25T18:46:00.133998+02:00,0,0,0,2040,17,2143,2.74,1.905,14.2,19.8,8.6,1.6,6.3,6.2,24.45,12.8
2025-11-25T18:47:00.134268+02:00,0,0,0,1851,15,1951,2.74,1.905,14.2,19.8,8.6,1.6,6.3,6.2,24.45,12.8
2025-11-25T18:48:00.133557+02:00,0,0,0,1851,11,1928,2.74,1.905,14.2,19.8,8.6,1.6,6.3,6.2,24.45,12.8
2025-11-25T18:49:00.134706+02:00,0,0,0,1718,6,1798,2.74,1.905,14.2,19.8,8.6,1.6,6.3,6.2,24.45,12.8
2025-11-25T18:50:00.133215+02:00,0,0,0,1721,26,1788,2.74,1.905,14.2,19.8,8.6,1.6,6.3,6.2,24.45,12.8
2025-11-25T18:51:00.133998+02:00,0,0,0,1817,8,1906,2.805,1.845,14.2,20.3,8.6,1.6,6.3,6.8,23.25,12.8
2025-11-25T18:52:00.132374+02:00,0,0,0,1857,26,1933,2.805,1.845,14.2,20.3,8.6,1.6,6.3,6.8,23.25,12.8
2025-11-25T18:53:00.133251+02:00,0,0,0,919,28,986,2.805,1.845,14.2,20.3,8.6,1.6,6.3,6.8,23.25,12.8
2025-11-25T18:54:00.136076+02:00,0,0,0,978,-3,1095,2.805,1.845,14.2,20.3,8.6,1.6,6.3,6.8,23.25,12.8
2025-11-25T18:55:00.134892+02:00,0,0,0,957,31,1027,2.805,1.845,14.2,20.3,8.6,1.6,6.3,6.8,23.25,12.8
2025-11-25T18:56:00.133868+02:00,0,0,0,787,5,886,2.575,1.405,14.2,20.3,8.6,1.6,6.3,6.8,22.65,12.8
2025-11-25T18:57:00.134993+02:00,0,0,0,812,21,881,2.575,1.405,14.2,20.3,8.6,1.6,6.3,6.8,22.65,12.8
2025-11-25T18:58:00.134600+02:00,0,0,0,796,12,875,2.575,1.405,14.2,20.3,8.6,1.6,6.3,6.8,22.65,12.8
2025-11-25T18:59:00.134505+02:00,0,0,0,761,15,838,2.575,1.405,14.2,20.3,8.6,1.6,6.3,6.8,22.65,12.8
2025-11-25T19:00:00.133598+02:00,0,0,0,932,11,1027,2.575,1.405,14.2,20.3,8.6,1.6,6.3,6.8,22.65,12.8
2025-11-25T19:01:00.132847+02:00,0,0,0,876,17,972,2.485,1.22,14.2,20.5,8.6,1.6,6.3,7,22,12.8
2025-11-25T19:02:00.135015+02:00,0,0,0,1043,25,1125,2.485,1.22,14.2,20.5,8.6,1.6,6.3,7,22,12.8
2025-11-25T19:03:00.132428+02:00,0,0,0,1039,31,1104,2.485,1.22,14.2,20.5,8.6,1.6,6.3,7,22,12.8
2025-11-25T19:04:00.132561+02:00,0,0,0,892,64,1036,2.485,1.22,14.2,20.5,8.6,1.6,6.3,7,22,12.8
2025-11-25T19:05:00.133249+02:00,0,0,0,815,21,880,2.485,1.22,14.2,20.5,8.6,1.6,6.3,7,22,12.8
2025-11-25T19:06:00.133630+02:00,0,0,0,808,6,885,2.5,1.21,14.2,20.5,8.6,1.6,6.3,7,22,12.72
2025-11-25T19:07:00.132950+02:00,0,0,0,788,16,861,2.5,1.21,14.2,20.5,8.6,1.6,6.3,7,22,12.72
2025-11-25T19:08:00.133916+02:00,0,0,0,963,-6,1019,2.5,1.21,14.2,20.5,8.6,1.6,6.3,7,22,12.72
2025-11-25T19:09:00.135747+02:00,0,0,0,836,11,988,2.5,1.21,14.2,20.5,8.6,1.6,6.3,7,22,12.72
2025-11-25T19:10:00.134407+02:00,0,0,0,705,23,774,2.5,1.21,14.2,20.5,8.6,1.6,6.3,7,22,12.72
2025-11-25T19:11:00.132246+02:00,0,0,0,601,11,673,2.5,1.225,14.2,20.7,8.6,1.6,6.3,7.2,21.05,12.7
2025-11-25T19:12:00.134383+02:00,0,0,0,628,7,712,2.5,1.225,14.2,20.7,8.6,1.6,6.3,7.2,21.05,12.7
2025-11-25T19:13:00.133670+02:00,0,0,0,641,11,711,2.5,1.225,14.2,20.7,8.6,1.6,6.3,7.2,21.05,12.7
2025-11-25T19:14:00.133829+02:00,0,0,0,650,22,718,2.5,1.225,14.2,20.7,8.6,1.6,6.3,7.2,21.05,12.7
2025-11-25T19:15:00.133090+02:00,0,0,0,651,27,700,2.5,1.225,14.2,20.7,8.6,1.6,6.3,7.2,21.05,12.7
2025-11-25T19:16:00.131966+02:00,0,0,0,649,12,703,2.5,1.135,14.2,20.7,8.6,1.6,6.3,7.2,21,12.675
2025-11-25T19:17:00.133544+02:00,0,0,0,639,27,706,2.5,1.135,14.2,20.7,8.6,1.6,6.3,7.2,21,12.675
2025-11-25T19:18:00.133724+02:00,0,0,0,650,23,713,2.5,1.135,14.2,20.7,8.6,1.6,6.3,7.2,21,12.675
2025-11-25T19:19:00.132485+02:00,0,0,0,647,31,706,2.5,1.135,14.2,20.7,8.6,1.6,6.3,7.2,21,12.675
2025-11-25T19:20:00.134322+02:00,0,0,0,632,46,737,2.5,1.135,14.2,20.7,8.6,1.6,6.3,7.2,21,12.675
2025-11-25T19:21:00.133493+02:00,0,0,0,656,26,726,2.5,1.06,14.2,20.8,8.6,1.6,6.3,7.3,21,12.6
2025-11-25T19:22:00.134401+02:00,0,0,0,617,716,-44,2.5,1.06,14.2,20.8,8.6,1.6,6.3,7.3,21,12.6
2025-11-25T19:23:00.134964+02:00,0,0,0,591,672,-5,2.5,1.06,14.2,20.8,8.6,1.6,6.3,7.3,21,12.6
2025-11-25T19:24:00.134677+02:00,0,0,0,593,675,1,2.5,1.06,14.2,20.8,8.6,1.6,6.3,7.3,21,12.6
2025-11-25T19:25:00.132653+02:00,0,0,0,590,670,7,2.5,1.06,14.2,20.8,8.6,1.6,6.3,7.3,21,12.6
2025-11-25T19:26:00.133784+02:00,0,0,0,641,724,5,2.5,1,14.2,20.8,8.6,1.6,6.3,7.3,20.05,12.6
2025-11-25T19:27:00.133978+02:00,0,0,0,625,704,3,2.5,1,14.2,20.8,8.6,1.6,6.3,7.3,20.05,12.6
2025-11-25T19:28:00.133432+02:00,0,0,0,613,696,4,2.5,1,14.2,20.8,8.6,1.6,6.3,7.3,20.05,12.6
2025-11-25T19:29:00.132845+02:00,0,0,0,613,731,3,2.5,1,14.2,20.8,8.6,1.6,6.3,7.3,20.05,12.6
2025-11-25T19:30:00.133547+02:00,0,0,0,611,642,47,2.5,1,14.2,20.8,8.6,1.6,6.3,7.3,20.05,12.6
2025-11-25T19:31:00.132183+02:00,0,0,0,606,689,0,2.5,0.97,14.2,20.9,8.7,1.6,6.3,7.3,20,12.52
2025-11-25T19:32:00.133780+02:00,0,0,0,703,776,8,2.5,0.97,14.2,20.9,8.7,1.6,6.3,7.3,20,12.52
2025-11-25T19:33:00.133363+02:00,0,0,0,697,779,0,2.5,0.97,14.2,20.9,8.7,1.6,6.3,7.3,20,12.52
2025-11-25T19:34:00.132716+02:00,0,0,0,696,781,3,2.5,0.97,14.2,20.9,8.7,1.6,6.3,7.3,20,12.52
2025-11-25T19:35:00.132153+02:00,0,0,0,690,779,1,2.5,0.97,14.2,20.9,8.7,1.6,6.3,7.3,20,12.52
2025-11-25T19:36:00.132408+02:00,0,0,0,686,769,3,2.5,0.94,14.2,20.9,8.7,1.6,6.3,7.3,20,12.5
2025-11-25T19:37:00.135031+02:00,0,0,0,680,764,2,2.5,0.94,14.2,20.9,8.7,1.6,6.3,7.3,20,12.5
2025-11-25T19:38:00.134324+02:00,0,0,0,657,737,0,2.5,0.94,14.2,20.9,8.7,1.6,6.3,7.3,20,12.5
2025-11-25T19:39:00.134133+02:00,0,0,0,647,731,-9,2.5,0.94,14.2,20.9,8.7,1.6,6.3,7.3,20,12.5
2025-11-25T19:40:00.133324+02:00,0,0,0,658,742,0,2.5,0.94,14.2,20.9,8.7,1.6,6.3,7.3,20,12.5
2025-11-25T19:41:00.133821+02:00,0,0,0,582,665,2,2.495,0.93,14.2,21,8.8,1.6,6.3,7.3,20,12.435
2025-11-25T19:42:00.133444+02:00,0,0,0,576,662,4,2.495,0.93,14.2,21,8.8,1.6,6.3,7.3,20,12.435
2025-11-25T19:43:00.133341+02:00,0,0,0,578,663,0,2.495,0.93,14.2,21,8.8,1.6,6.3,7.3,20,12.435
2025-11-25T19:44:00.133921+02:00,0,0,0,594,707,0,2.495,0.93,14.2,21,8.8,1.6,6.3,7.3,20,12.435
2025-11-25T19:45:00.133313+02:00,0,0,0,607,658,62,2.495,0.93,14.2,21,8.8,1.6,6.3,7.3,20,12.435
2025-11-25T19:46:00.134534+02:00,0,0,0,615,692,8,2.495,0.911,14.2,21,8.8,1.6,6.3,7.3,20,12.4
2025-11-25T19:47:00.134099+02:00,0,0,0,634,732,0,2.495,0.911,14.2,21,8.8,1.6,6.3,7.3,20,12.4
2025-11-25T19:48:00.133623+02:00,0,0,0,622,773,-144,2.495,0.911,14.2,21,8.8,1.6,6.3,7.3,20,12.4
2025-11-25T19:49:00.134861+02:00,0,0,0,609,687,10,2.495,0.911,14.2,21,8.8,1.6,6.3,7.3,20,12.4
2025-11-25T19:50:00.133305+02:00,0,0,0,596,704,3,2.495,0.911,14.2,21,8.8,1.6,6.3,7.3,20,12.4
2025-11-25T19:51:00.133603+02:00,0,0,0,623,709,5,2.5,0.925,14.2,21.1,8.9,1.6,6.3,7.3,20,12.35
2025-11-25T19:52:00.133729+02:00,0,0,0,608,697,-5,2.5,0.925,14.2,21.1,8.9,1.6,6.3,7.3,20,12.35
2025-11-25T19:53:00.133670+02:00,0,0,0,619,693,3,2.5,0.925,14.2,21.1,8.9,1.6,6.3,7.3,20,12.35
2025-11-25T19:54:00.134092+02:00,0,0,0,604,690,-4,2.5,0.925,14.2,21.1,8.9,1.6,6.3,7.3,20,12.35
2025-11-25T19:55:00.133746+02:00,0,0,0,600,681,3,2.5,0.925,14.2,21.1,8.9,1.6,6.3,7.3,20,12.35
2025-11-25T19:56:00.134018+02:00,0,0,0,646,706,9,2.5,0.92,14.2,21.1,8.9,1.6,6.3,7.3,20,12.3
2025-11-25T19:57:00.133723+02:00,0,0,0,634,717,-17,2.5,0.92,14.2,21.1,8.9,1.6,6.3,7.3,20,12.3
2025-11-25T19:58:00.133535+02:00,0,0,0,633,716,0,2.5,0.92,14.2,21.1,8.9,1.6,6.3,7.3,20,12.3
2025-11-25T19:59:00.133433+02:00,0,0,0,636,723,1,2.5,0.92,14.2,21.1,8.9,1.6,6.3,7.3,20,12.3
2025-11-25T20:00:00.133846+02:00,0,0,0,628,703,12,2.5,0.92,14.2,21.1,8.9,1.6,6.3,7.3,20,12.3
2025-11-25T20:01:00.133361+02:00,0,0,0,741,815,0,2.5,1,14.2,21.2,9,1.6,6.3,7.3,20,12.265
2025-11-25T20:02:00.134738+02:00,0,0,0,733,830,-2,2.5,1,14.2,21.2,9,1.6,6.3,7.3,20,12.265
2025-11-25T20:03:00.134853+02:00,0,0,0,731,816,-3,2.5,1,14.2,21.2,9,1.6,6.3,7.3,20,12.265
2025-11-25T20:04:00.134513+02:00,0,0,0,681,800,-63,2.5,1,14.2,21.2,9,1.6,6.3,7.3,20,12.265
2025-11-25T20:05:00.133873+02:00,0,0,0,752,758,74,2.5,1,14.2,21.2,9,1.6,6.3,7.3,20,12.265
2025-11-25T20:06:00.133935+02:00,0,0,0,713,784,6,2.5,1,14.2,21.2,9,1.6,6.3,7.3,20,12.2
2025-11-25T20:07:00.134027+02:00,0,0,0,741,825,1,2.5,1,14.2,21.2,9,1.6,6.3,7.3,20,12.2
2025-11-25T20:08:00.133612+02:00,0,0,0,737,825,0,2.5,1,14.2,21.2,9,1.6,6.3,7.3,20,12.2
2025-11-25T20:09:00.133642+02:00,0,0,0,715,841,-40,2.5,1,14.2,21.2,9,1.6,6.3,7.3,20,12.2
2025-11-25T20:10:00.134152+02:00,0,0,0,631,713,6,2.5,1,14.2,21.2,9,1.6,6.3,7.3,20,12.2
2025-11-25T20:11:00.135074+02:00,0,0,0,629,712,4,2.5,0.995,14.2,21.3,9.2,1.6,6.3,7.3,20,12.185
2025-11-25T20:12:00.133640+02:00,0,0,0,634,718,1,2.5,0.995,14.2,21.3,9.2,1.6,6.3,7.3,20,12.185
2025-11-25T20:13:00.133921+02:00,0,0,0,611,696,3,2.5,0.995,14.2,21.3,9.2,1.6,6.3,7.3,20,12.185
2025-11-25T20:14:00.134259+02:00,0,0,0,613,694,2,2.5,0.995,14.2,21.3,9.2,1.6,6.3,7.3,20,12.185
2025-11-25T20:15:00.133799+02:00,0,0,0,611,601,4,2.5,0.995,14.2,21.3,9.2,1.6,6.3,7.3,20,12.185
2025-11-25T20:16:00.132290+02:00,0,0,0,618,694,14,2.5,0.945,14.2,21.3,9.2,1.6,6.3,7.3,20,12.1
2025-11-25T20:17:00.134018+02:00,0,0,0,623,720,0,2.5,0.945,14.2,21.3,9.2,1.6,6.3,7.3,20,12.1
2025-11-25T20:18:00.133717+02:00,0,0,0,616,692,3,2.5,0.945,14.2,21.3,9.2,1.6,6.3,7.3,20,12.1
2025-11-25T20:19:00.133091+02:00,0,0,0,602,693,8,2.5,0.945,14.2,21.3,9.2,1.6,6.3,7.3,20,12.1
2025-11-25T20:20:00.134683+02:00,0,0,0,615,698,0,2.5,0.945,14.2,21.3,9.2,1.6,6.3,7.3,20,12.1
2025-11-25T20:21:00.133353+02:00,0,0,0,613,697,5,2.5,0.937,14.2,21.4,9.3,1.6,6.3,7.3,20,12.1
2025-11-25T20:22:00.133483+02:00,0,0,0,605,691,3,2.5,0.937,14.2,21.4,9.3,1.6,6.3,7.3,20,12.1
2025-11-25T20:23:00.133084+02:00,0,0,0,606,690,3,2.5,0.937,14.2,21.4,9.3,1.6,6.3,7.3,20,12.1
2025-11-25T20:24:00.135034+02:00,0,0,0,609,698,3,2.5,0.937,14.2,21.4,9.3,1.6,6.3,7.3,20,12.1
2025-11-25T20:25:00.133988+02:00,0,0,0,659,700,34,2.5,0.937,14.2,21.4,9.3,1.6,6.3,7.3,20,12.1
2025-11-25T20:26:00.135069+02:00,0,0,0,603,836,-65,2.5,0.915,14.2,21.4,9.3,1.6,6.3,7.3,20,12.01
2025-11-25T20:27:00.133175+02:00,0,0,0,612,695,0,2.5,0.915,14.2,21.4,9.3,1.6,6.3,7.3,20,12.01
2025-11-25T20:28:00.133285+02:00,0,0,0,601,682,4,2.5,0.915,14.2,21.4,9.3,1.6,6.3,7.3,20,12.01
2025-11-25T20:29:00.133360+02:00,0,0,0,613,694,4,2.5,0.915,14.2,21.4,9.3,1.6,6.3,7.3,20,12.01
2025-11-25T20:30:00.134127+02:00,0,0,0,706,784,2,2.5,0.915,14.2,21.4,9.3,1.6,6.3,7.3,20,12.01
2025-11-25T20:31:00.132223+02:00,0,0,0,701,777,4,2.5,0.9,14.2,21.5,9.4,1.6,6.3,7.3,20,12
2025-11-25T20:32:00.133214+02:00,0,0,0,709,778,-21,2.5,0.9,14.2,21.5,9.4,1.6,6.3,7.3,20,12
2025-11-25T20:33:00.133162+02:00,0,0,0,696,768,15,2.5,0.9,14.2,21.5,9.4,1.6,6.3,7.3,20,12
2025-11-25T20:34:00.132261+02:00,0,0,0,713,779,2,2.5,0.9,14.2,21.5,9.4,1.6,6.3,7.3,20,12
2025-11-25T20:35:00.134407+02:00,0,0,0,737,797,13,2.5,0.9,14.2,21.5,9.4,1.6,6.3,7.3,20,12
2025-11-25T20:36:00.133797+02:00,0,0,0,723,808,1,2.5,0.9,14.2,21.5,9.4,1.6,6.3,7.3,20,11.925
2025-11-25T20:37:00.132845+02:00,0,0,0,731,827,0,2.5,0.9,14.2,21.5,9.4,1.6,6.3,7.3,20,11.925
2025-11-25T20:38:00.132939+02:00,0,0,0,743,827,3,2.5,0.9,14.2,21.5,9.4,1.6,6.3,7.3,20,11.925
2025-11-25T20:39:00.133352+02:00,0,0,0,725,808,10,2.5,0.9,14.2,21.5,9.4,1.6,6.3,7.3,20,11.925
2025-11-25T20:40:00.132034+02:00,0,0,0,657,740,4,2.5,0.9,14.2,21.5,9.4,1.6,6.3,7.3,20,11.925
2025-11-25T20:41:00.132722+02:00,0,0,0,678,760,4,2.5,0.895,14.2,21.7,9.5,1.6,6.3,7.3,20,11.9
2025-11-25T20:42:00.132995+02:00,0,0,0,635,746,4,2.5,0.895,14.2,21.7,9.5,1.6,6.3,7.3,20,11.9
2025-11-25T20:43:00.133206+02:00,0,0,0,668,751,3,2.5,0.895,14.2,21.7,9.5,1.6,6.3,7.3,20,11.9
2025-11-25T20:44:00.133431+02:00,0,0,0,585,670,4,2.5,0.895,14.2,21.7,9.5,1.6,6.3,7.3,20,11.9
2025-11-25T20:45:00.133984+02:00,0,0,0,579,663,-6,2.5,0.895,14.2,21.7,9.5,1.6,6.3,7.3,20,11.9
2025-11-25T20:46:00.133676+02:00,0,0,0,574,655,-3,2.5,0.895,14.2,21.7,9.5,1.6,6.3,7.3,20,11.865
2025-11-25T20:47:00.133520+02:00,0,0,0,575,658,-3,2.5,0.895,14.2,21.7,9.5,1.6,6.3,7.3,20,11.865
2025-11-25T20:48:00.134250+02:00,0,0,0,607,684,31,2.5,0.895,14.2,21.7,9.5,1.6,6.3,7.3,20,11.865
2025-11-25T20:49:00.133506+02:00,0,0,0,568,647,7,2.5,0.895,14.2,21.7,9.5,1.6,6.3,7.3,20,11.865
2025-11-25T20:50:00.133925+02:00,0,0,0,620,703,19,2.5,0.895,14.2,21.7,9.5,1.6,6.3,7.3,20,11.865
2025-11-25T20:51:00.133327+02:00,0,0,0,578,647,6,2.5,0.89,14.2,21.8,9.6,1.6,6.3,7.3,20,11.8
2025-11-25T20:52:00.134485+02:00,0,0,0,574,661,0,2.5,0.89,14.2,21.8,9.6,1.6,6.3,7.3,20,11.8
2025-11-25T20:53:00.135445+02:00,0,0,0,586,665,1,2.5,0.89,14.2,21.8,9.6,1.6,6.3,7.3,20,11.8
2025-11-25T20:54:00.134807+02:00,0,0,0,643,659,-2,2.5,0.89,14.2,21.8,9.6,1.6,6.3,7.3,20,11.8
2025-11-25T20:55:00.133721+02:00,0,0,0,650,730,3,2.5,0.89,14.2,21.8,9.6,1.6,6.3,7.3,20,11.8
2025-11-25T20:56:00.132628+02:00,0,0,0,639,724,-1,2.5,0.89,14.2,21.8,9.6,1.6,6.3,7.3,20,11.8
2025-11-25T20:57:00.133955+02:00,0,0,0,638,721,4,2.5,0.89,14.2,21.8,9.6,1.6,6.3,7.3,20,11.8
2025-11-25T20:58:00.139311+02:00,0,0,0,607,682,0,2.5,0.89,14.2,21.8,9.6,1.6,6.3,7.3,20,11.8
2025-11-25T20:59:00.133306+02:00,0,0,0,605,686,2,2.5,0.89,14.2,21.8,9.6,1.6,6.3,7.3,20,11.8
2025-11-25T21:00:00.133026+02:00,0,0,0,700,786,0,2.5,0.89,14.2,21.8,9.6,1.6,6.3,7.3,20,11.8
2025-11-25T21:01:00.133029+02:00,0,0,0,745,829,9,2.5,0.88,14.2,21.9,9.7,1.6,6.3,7.3,20,11.715
2025-11-25T21:02:00.132661+02:00,0,0,0,698,795,-34,2.5,0.88,14.2,21.9,9.7,1.6,6.3,7.3,20,11.715
2025-11-25T21:03:00.132694+02:00,0,0,0,707,790,1,2.5,0.88,14.2,21.9,9.7,1.6,6.3,7.3,20,11.715
2025-11-25T21:04:00.133859+02:00,0,0,0,705,787,1,2.5,0.88,14.2,21.9,9.7,1.6,6.3,7.3,20,11.715
2025-11-25T21:05:00.133648+02:00,0,0,0,687,776,5,2.5,0.88,14.2,21.9,9.7,1.6,6.3,7.3,20,11.715
